<?xml version="1.0" encoding="utf-8" ?>
<mainmenu>
	<menu label="File" name="FileMenu">
		<button label="Free Play" click="FreePlay_Click" />
		<button label="Go Exam" click="GoExam_Click" />
		<separator />
		<button label="Label.FullScreen" click="ToggleFullScreen" image="227" shortcut="Shift|Alt|Enter" flags="Check:IsFullScreen" />
		<separator />
		<button label="Label.Exit" click="Exit" />
	</menu>
	<menu label="Go Menu" name="GoMenu">
		<menu label="Demo" name="DemoMenu">
			<button label="Level 1" click="GoMenu_Click" tag="Demo|Level 1" flags="Check:Demo|Level 1" />
			<button label="Level 2" click="GoMenu_Click" tag="Demo|Level 2" flags="Check:Demo|Level 2" />
			<button label="Level 3" click="GoMenu_Click" tag="Demo|Level 3" flags="Check:Demo|Level 3" />
		</menu>
		<separator />
		<menu label="Fundamentals-Corner" name="FundamentalsCornerMenu">
			<button label="Attack" click="GoMenu_Click" tag="Fundamentals-Corner|Attack" flags="Check:Fundamentals-Corner|Attack" />
			<button label="Defense" click="GoMenu_Click" tag="Fundamentals-Corner|Defense" flags="Check:Fundamentals-Corner|Defense" />
		</menu>
		<menu label="Fundamentals-Side" name="FundamentalsSideMenu">
			<button label="Attack" click="GoMenu_Click" tag="Fundamentals-Side|Attack" flags="Check:Fundamentals-Side|Attack" />
			<button label="Defense" click="GoMenu_Click" tag="Fundamentals-Side|Defense" flags="Check:Fundamentals-Side|Defense" />
		</menu>
		<separator />
		<button label="Classics-A  (Xuanxuan Qijing)" name="ClassicsAMenu" click="GoMenu_Click" tag="Classics-A|" flags="Check:Classics-A|">
		</button>
		<button label="Classics-B  (GuanZi Pu)" name="ClassicsBMenu" click="GoMenu_Click" tag="Classics-B|" flags="Check:Classics-B|">
		</button>
		<button label="Classics-C  (Go Seigen)" name="ClassicsCMenu" click="GoMenu_Click" tag="Classics-C|" flags="Check:Classics-C|">
		</button>
		<button label="Classics-D  (Hashimoto Utaro)" name="ClassicsDMenu" click="GoMenu_Click" tag="Classics-D|" flags="Check:Classics-D|">
		</button>
		<button label="Classics-E  (Kweon Kab-yong)" name="ClassicsEMenu" click="GoMenu_Click" tag="Classics-E|" flags="Check:Classics-E|">
		</button>
	</menu>
	<menu label="Settings" name="SettingsMenu">
		<menu label="Themes" name="ThemeMenu" image="129">
			<button label="Light" click="ChangeTheme_Click" tag="Light" flags="Check:Theme_Light" />
			<button label="Light Grey" click="ChangeTheme_Click" tag="LightGrey" flags="Check:Theme_LightGrey" />
			<button label="Grey" click="ChangeTheme_Click" tag="Grey" flags="Check:Theme_Grey" />
			<button label="Blue" click="ChangeTheme_Click" tag="Blue" flags="Check:Theme_Blue" />
			<button label="Black" click="ChangeTheme_Click" tag="Black" flags="Check:Theme_Black" />
		</menu>
		<menu label="Background Image" name="BackgroundImageMenu" image="334">
			<button label="None" click="BackgroundImage_Click" tag="None" flags="Check:BackgroundImage_None" />
			<button label="Select..." click="BackgroundImage_Click" tag="Select" />
		</menu>
		<separator />
		<menu label="Board Texture" name="BoardTextureMenu">
			<button label="None" click="ChangeBoardTexture_Click" tag="None" flags="Check:Texture_None" />
			<button label="Wood 1" click="ChangeBoardTexture_Click" tag="wood2" flags="Check:Texture_wood2" />
			<button label="Wood 2" click="ChangeBoardTexture_Click" tag="wood3" flags="Check:Texture_wood3" />
			<button label="Wood 3" click="ChangeBoardTexture_Click" tag="wood4" flags="Check:Texture_wood4" />
			<button label="Wood 4" click="ChangeBoardTexture_Click" tag="wood5" flags="Check:Texture_wood5" />
			<button label="Wood 5" click="ChangeBoardTexture_Click" tag="wood6" flags="Check:Texture_wood6" />
		</menu>
		<menu label="Go Stone" name="GoStoneMenu">
			<button label="Stone 1" click="ChangeGoStone_Click" tag="stone1" flags="Check:GoStone_stone1" />
			<button label="Stone 2" click="ChangeGoStone_Click" tag="stone2" flags="Check:GoStone_stone2" />
		</menu>
		<menu label="Show Coordinates" name="ShowCoordinatesMenu">
			<button label="None" click="ShowCoordinates_Click" tag="None" flags="Check:Coordinates_None" />
			<button label="Standard" click="ShowCoordinates_Click" tag="Standard" flags="Check:Coordinates_Standard" />
			<button label="Display" click="ShowCoordinates_Click" tag="Display" flags="Check:Coordinates_Display" />
		</menu>
		<menu label="Move Indicator" name="MoveIndicatorMenu">
			<button label="None" click="MoveIndicator_Click" tag="None" flags="Check:MoveIndicator_None" />
			<button label="Square" click="MoveIndicator_Click" tag="Square" flags="Check:MoveIndicator_Square" />
			<button label="Circle" click="MoveIndicator_Click" tag="Circle" flags="Check:MoveIndicator_Circle" />
			<button label="Triangle" click="MoveIndicator_Click" tag="Triangle" flags="Check:MoveIndicator_Triangle" />
			<button label="Numbers" click="MoveIndicator_Click" tag="Numbers" flags="Check:MoveIndicator_Numbers" />
		</menu>
		<menu label="Board ForeColor" name="ForeColorMenu">
			<button label="Black" click="BoardForeColor_Click" tag="Black" flags="Check:GoBoardForeColor_Black" />
			<button label="White" click="BoardForeColor_Click" tag="White" flags="Check:GoBoardForeColor_White" />
		</menu>
		<menu label="Screen BackColor" name="BackColorMenu">
			<button label="Black" click="BoardBackColor_Click" tag="Black" flags="Check:GoBoardBackColor_Black" />
			<button label="Gray" click="BoardBackColor_Click" tag="DarkGray" flags="Check:GoBoardBackColor_DarkGray" />
			<button label="White" click="BoardBackColor_Click" tag="White" flags="Check:GoBoardBackColor_White" />
		</menu>
		<menu label="Screen Alignment" name="ScreenAlignmentMenu">
			<button label="Align Left" click="ScreenAlignment_Click" tag="Left" flags="Check:ScreenAlignment_Left" />
			<button label="Align Center" click="ScreenAlignment_Click" tag="Center" flags="Check:ScreenAlignment_Center" />
		</menu>
		<menu label="Break Calculation" name="BreakCalculationMenu">
			<button label="3 seconds" click="BreakCalculation_Click" tag="3s" flags="Check:BreakCalculation_3s" />
			<button label="10 seconds" click="BreakCalculation_Click" tag="10s" flags="Check:BreakCalculation_10s" />
			<button label="20 seconds" click="BreakCalculation_Click" tag="20s" flags="Check:BreakCalculation_20s" />
			<button label="30 seconds" click="BreakCalculation_Click" tag="30s" flags="Check:BreakCalculation_30s" />
			<button label="60 seconds" click="BreakCalculation_Click" tag="60s" flags="Check:BreakCalculation_60s" />
			<button label="No break" click="BreakCalculation_Click" tag="NoBreak" flags="Check:BreakCalculation_NoBreak" />
		</menu>
	</menu>
	<menu label="Help" name="HelpMenu">
		<button label="About GoSolver..." click="About" image="229" />
	</menu>
</mainmenu>
